,Job title,job Description,Wilaya,Link
1,boucher voulait محل بيع الدجاج والأسما,"محل بيع الدواجن بأنواعه والأسماك المجمدة يبحت عن عامل ذو خبرة في الميدان 
السعر معقول المطلوب التقة و وعدم تعاطي (الشمة والدخان) اكرمكم الله
ممكن توفر المبيت
الخبر",Cheraga,https://www.ouedkniss.com/emploi_offresboucher-voulait-محل-بيع-الدجاج-والأسما-alger-cheraga-algerie-offres-d-emploi-d21457131?utm_medium=listing
2,Plakist pizariou,Je cherche un spécialiste piza sondwitch pour un début ,Boufarik - 9,https://www.ouedkniss.com/emploi_offresplakist-pizariou-blida-boufarik-algerie-offres-d-emploi-d23993155?utm_medium=listing
3,Agent d'accueil et assistante,"Bonjour,

pour notre nouveau projet sur alger en chercher une assistante présentable et 5 agents d'accueil (femme) avec une bonne communication et présentation surtout bonne motivation et sérieux.

pour toute personne intéressée elle peut envoyer son cv avec photo sur 

tout cv sans ",Dar el beida,https://www.ouedkniss.com/emploi_offresagent-d-accueil-et-assistante-alger-dar-el-beida-algerie-offres-emploi-d23993129?utm_medium=listing
4,عامل,عامل يومي,Beni tamou - 9,https://www.ouedkniss.com/emploi_offresعامل-blida-beni-tamou-algerie-offres-d-emploi-d23877346?utm_medium=listing
5,"Facturation, attachement ","Etb cherche une personne qui maîtrise les procédures de facturation, comme l'attachement,le dgd,dgp, facture, situation, ainsi que la langue française. 

veuillez svp envoyer votre cv par mail. 

",Birtouta,https://www.ouedkniss.com/emploi_offresfacturation-attachement-alger-birtouta-algerie-offres-d-emploi-d23992800?utm_medium=listing
6,pharmacien assistant ,"Pharmacie à hamiz cherche pharmacien(ne) assistant(e)
age entre 25 et 45 ans.
expérience en officine de plus de 2 ans.
ponctualité et sérieux requis.
envoyez vos cv",Dar el beida,https://www.ouedkniss.com/emploi_offrespharmacien-assistant-alger-dar-el-beida-algerie-offres-d-emploi-d23992696?utm_medium=listing
7,Barista ,"Restaurant à annaba cherche un barista qualifié avec expérience,  prêt à travailler plein temps,  cv à envoyer le cv via whatsapp sur le numéro indiqué ci-dessous ",Annaba - 23,https://www.ouedkniss.com/emploi_offresbarista-annaba-algerie-offres-d-emploi-d23922806?utm_medium=listing
8,Enseignant(e) ,"Ecole privée de formation professionnelle à alger centre cherche prof de langue française (et de langue anglaise.
expérience professionnelle minimum de 5 ans.
voir détails pour notre adresse e-mail.",Alger centre,https://www.ouedkniss.com/emploi_offresenseignant-e-alger-centre-algerie-offres-d-emploi-d23992513?utm_medium=listing
9,Architecte,"Société privée a la recherche d'un architecte  qui a une expérience dans le domaine 
merci  bien de nous envoyer vos cv a l'adresse suivante ",Beni mered - 9,https://www.ouedkniss.com/emploi_offresarchitecte-blida-beni-mered-algerie-offres-d-emploi-d23992446?utm_medium=listing
10,vendeuse en pharmacie ,"Pharmacie à dar el beida  cherche vendeuse répondant au critères suivants:
age entre 30 et 45 ans.
expérience  en officine de plus de 5 ans.
horaires  de travail: de 8h30 à 16h30 avec une heure de pause. du samedi au jeudi. repos vendredi.
ponctualité  et sérieux requis.
envoyez vos cv",Dar el beida,https://www.ouedkniss.com/emploi_offresvendeuse-en-pharmacie-alger-dar-el-beida-algerie-offres-d-emploi-d23347775?utm_medium=listing
11,demi ouvrier ou apprentissage ,Nouveau salon de coiffure libanais ,El biar,https://www.ouedkniss.com/emploi_offresdemi-ouvrier-ou-apprentissage-alger-el-biar-algerie-offres-d-emploi-d23992382?utm_medium=listing
12,Cherche femme de ménage,Je cherche une femme de ménage et au même t'on naurisse couchente possible ils ya pas de problème,Ain benian,https://www.ouedkniss.com/emploi_offrescherche-femme-de-ménage-alger-ain-benian-algerie-offres-d-emploi-d23992324?utm_medium=listing
13,Je cherche une femme de ménage ,Je cherche une femme de ménage et où meten naurisse couchente possible ils ya pas de problème,Ain benian,https://www.ouedkniss.com/emploi_offresje-cherche-une-femme-de-ménage-alger-ain-benian-algerie-offres-d-emploi-d23992288?utm_medium=listing
14,Femme de ménage ,"Bonjour,
nous cherchons des femmes de ménage,  à zeralda,
age, entre 30 et 40 ans, 
cordialement
",Zeralda,https://www.ouedkniss.com/emploi_offresfemme-de-ménage-alger-zeralda-algerie-offres-d-emploi-d23992278?utm_medium=listing
15,Livreur,"Pâtisserie en gros cherche des distributeurs véhiculés pour la livraison des gâteaux
sur alger et ses environs",Ain benian,https://www.ouedkniss.com/emploi_offreslivreur-alger-ain-benian-algerie-offres-d-emploi-d23992262?utm_medium=listing
16,Serveur,Le grand barbecue cherche serveur qualifié ,Laghouat - 3,https://www.ouedkniss.com/emploi_offresserveur-laghouat-algerie-offres-d-emploi-d23992151?utm_medium=listing
17,Tourneur ,ورشة خراطة ببراقي بحاجة إلى عاملين في المجال ,Baraki,https://www.ouedkniss.com/emploi_offrestourneur-alger-baraki-algerie-offres-d-emploi-d18992934?utm_medium=listing
18,Gérante de crèche experimentée,"Crèche eds sise tizi-rached recrute gérante de crèche experimentée. les  personnes intéressées doivent envoyer leur cv avec photo à l'adresse email suivante

",Tizi rached - 15,https://www.ouedkniss.com/emploi_offresgérante-de-crèche-experimentée-tizi-ouzou-rached-algerie-offres-d-emploi-d23899274?utm_medium=listing
19,خياطة أو فينيسوز,"نخدم لي سيرفاثمو
نحوس على فينيسوز وخياطة
مكان العمل : بن راد مع الفيروج تاع باطوقاسي",Bordj el kiffan,https://www.ouedkniss.com/emploi_offresخياطة-أو-فينيسوز-alger-bordj-el-kiffan-algerie-offres-d-emploi-d20862550?utm_medium=listing
20,Educatrice en crèche,"Crèche eds sise tizi-rached recrute éducatrices en crèche. les  personnes intéressées doivent envoyer leur cv avec photo à l'adresse email suivante:

",Tizi rached - 15,https://www.ouedkniss.com/emploi_offreseducatrice-en-crèche-tizi-ouzou-rached-algerie-offres-d-emploi-d23899235?utm_medium=listing
21,Ingénieur d'État en travaux publics,Ingénieur d'État en travaux publics je cherche â loué mon diplome,Jijel - 18,https://www.ouedkniss.com/emploi_offresingénieur-d-État-en-travaux-publics-jijel-algerie-offres-emploi-d23990903?utm_medium=listing
22,المنظفة,منظفة ذات كفائة المهنية ,Bou zedjar - 46,https://www.ouedkniss.com/emploi_offresالمنظفة-ain-temouchent-bou-zedjar-algerie-offres-d-emploi-d23990699?utm_medium=listing
23,Femme de ménage,Urgent entreprise de nettoyage cherche femme de ménage à dar el beida l'aéroport de 08h à 16h,Dar el beida,https://www.ouedkniss.com/emploi_offresfemme-de-ménage-alger-dar-el-beida-algerie-offres-d-emploi-d23990671?utm_medium=listing
24,Operateur de chaine de montage,"ورشة متخصصة فى مجال الإلكترونيات ببرج الكيفان توفر مناصب شغل للإناث بدوام كامل.
المؤهلات المطلوبة:
- مستوى تعليمي لا يقل عن الثانوي (تخصص علمي أو تقني).
- العمر لا يت",Bordj el kiffan,https://www.ouedkniss.com/emploi_offresoperateur-de-chaine-montage-alger-bordj-el-kiffan-algerie-offres-d-emploi-d23990602?utm_medium=listing
25,reponsable depot,Reception et entreposage de marchandise .avec gestion de stock,Draria,https://www.ouedkniss.com/emploi_offresreponsable-depot-alger-draria-algerie-offres-d-emploi-d23990379?utm_medium=listing
26,N\A,N\A,N\A,https://www.ouedkniss.com/emploi_offresN\A
27,Educatrice spécialisée  enfant autiste,"Le cabinet d'orthophonie mme belkhodja.a cherche une éducatrice spécialisée pour enfants autistes et trisomiques habitant rouiba et environs (el hamiz, aintaya, hraoua,reghaia,.) à plein temps, nous contacter au numéro du cabinet  ,envoyer votre cv  à notre adresse email. ",Rouiba,https://www.ouedkniss.com/emploi_offreseducatrice-spécialisée-enfant-autiste-alger-rouiba-algerie-offres-d-emploi-d23990332?utm_medium=listing
28,Secrétaire ,,Alger centre,https://www.ouedkniss.com/emploi_offressecrétaire-alger-centre-algerie-offres-d-emploi-d23990265?utm_medium=listing
29,Vendeuse ,"Je cherche une vendeuse respectueuse , ponctuelle pour un magasin de pyjama femme . 
les heures : de samedi à jeudi 
de : 9h a 18h",Birkhadem,https://www.ouedkniss.com/emploi_offresvendeuse-alger-birkhadem-algerie-offres-d-emploi-d23990230?utm_medium=listing
30,animateur adjoint,,Sidi amar - 23,https://www.ouedkniss.com/emploi_offresanimateur-adjoint-annaba-sidi-amar-algerie-offres-d-emploi-d23990154?utm_medium=listing
31,Vendeuse ,"Nous cherchons une vendeuse dans un magasin de vêtements .
le magasin juste kima areej draria 
travail de 10h a 18h 
pour plus d'informations appelle moi .
envoyer moi vous cv sur viber. ",Draria,https://www.ouedkniss.com/emploi_offresvendeuse-alger-draria-algerie-offres-d-emploi-d23990149?utm_medium=listing
32,خياطة او فينيسوز,"حي: بن مراد  قرب محطة الطرامواي
خياطة: بدلات رياضية ( سروال وفيسثة)
الوضيفة:
                ● خياطة
               ●فينيسوز (سورجي و لافينيسيو)
",Bordj el kiffan,https://www.ouedkniss.com/emploi_offresخياطة-او-فينيسوز-alger-bordj-el-kiffan-algerie-offres-d-emploi-d19428087?utm_medium=listing
33,animateur adjoint,,Amarnas - 22,https://www.ouedkniss.com/emploi_offresanimateur-adjoint-sidi-bel-abbes-amarnas-algerie-offres-d-emploi-d23990125?utm_medium=listing
34,animateur adjoint,,Gdyel - 31,https://www.ouedkniss.com/emploi_offresanimateur-adjoint-oran-gdyel-algerie-offres-d-emploi-d23990110?utm_medium=listing
35,Assistante Administrative,Nous recherchons une assistante administrative qui maîtrise parfaitement l'outil informatique et parle couramment le français et l'anglais,Constantine - 25,https://www.ouedkniss.com/emploi_offresassistante-administrative-constantine-algerie-offres-d-emploi-d23990097?utm_medium=listing
36,animateur adjoint,,Mansourah - 13,https://www.ouedkniss.com/emploi_offresanimateur-adjoint-tlemcen-mansourah-algerie-offres-d-emploi-d23990090?utm_medium=listing
37,Formateur,"Reva group cherche à recruter un formateur dans le domaine marketing digital qui peut assurer pour nos condidat  les objectifs suivantes:
- comprendre les bases du marketing digital.
- faire comprendre la difference entre marketing digital et le marketing traditionnel 
- comment concevoir un sit",Bordj el bahri,https://www.ouedkniss.com/emploi_offresformateur-alger-bordj-el-bahri-algerie-offres-d-emploi-d23990061?utm_medium=listing
38,femme de ménage,,Souidania,https://www.ouedkniss.com/emploi_offresfemme-de-ménage-alger-souidania-algerie-offres-d-emploi-d23990037?utm_medium=listing
39,aide cuisinier ,"Restaurant l'espadon situé a bab-ezzouar spécialisé dans le poisson cherche aide cuisinier avec expérience 
pour les gens intéressés (ées) veuillez envoyer votre cv",Bab ezzouar,https://www.ouedkniss.com/emploi_offresaide-cuisinier-alger-bab-ezzouar-algerie-offres-d-emploi-d23989870?utm_medium=listing
40,secretaire assistante receptioniste,"Micro  entreprise recrute une  secrétaire assistante réceptionniste .
profile : sens aigue de communication , ponctuelle , organisée.
               maitrise  utile informatique.
pour toutes personne interesseés , veuillez nous envoyer vos cv a cette adresse email :
   arcenciel2046@gmail.co",Bejaia - 6,https://www.ouedkniss.com/emploi_offressecretaire-assistante-receptioniste-bejaia-algerie-offres-d-emploi-d23989822?utm_medium=listing
41,عامل او شريك,ابحث عن عامل او شريك في محل لصنع المأكولات الهومبورقر و الشوارما و الطاكوس انلك مع في مكان جيد بسيدي مزغيش ولاية سكيكدة,Sidi mezghiche - 21,https://www.ouedkniss.com/emploi_offresعامل-او-شريك-skikda-sidi-mezghiche-algerie-offres-d-emploi-d23989820?utm_medium=listing
42,انجاز مشىروع,مؤسسة انجاز مشاريع البناء تقترح عليكم خدماتها لانجاز مشاريعكم وفقط نمط عصري بكل المقايس والجودة جميع اشغال البناء في كل المراحل,Chlef - 2,https://www.ouedkniss.com/emploi_offresانجاز-مشىروع-chlef-algerie-offres-d-emploi-d23989722?utm_medium=listing
43,secretaire ,"Demande d’emploi :

domaine : bureautique et secrétariat.

employeur : bureau d’affaire.

poste : secrétaire.

niveau d'éducation : bac+

permis de conduire obligatoire (avec une bonne conduite.)

bonjour, je cherche une secrétaire ponctuelle et ambitieuse avec un bon niveau",Bab ezzouar,https://www.ouedkniss.com/emploi_offressecretaire-alger-bab-ezzouar-algerie-offres-d-emploi-d23879966?utm_medium=listing
44,مهندس معماري, اضع بين ايديكم دبلوم مهندس معماري للكراء للمقاولين و مكاتب الدراسات,Kouba,https://www.ouedkniss.com/emploi_offresمهندس-معماري-alger-kouba-algerie-offres-d-emploi-d23672604?utm_medium=listing
45,gerante,Société prive cherche gérante  d un magasin agée minumun 35 ans et plus résidante environ de kouba travail mi temps salaire tres motivant ,Kouba,https://www.ouedkniss.com/emploi_offresgerante-alger-kouba-algerie-offres-d-emploi-d23521003?utm_medium=listing
46,Livreur,"Magasin de gâteau traditionnel et moderne situé à la nouvelle ville de tizi ouzou cherche un livreur vendeur 
mission de poste 
 prospecter des nouveaux clients ( cafétéria, supérette,.)
 Évoluer les commandes clients
conditions:
 bonne connaissance du secteur
 vehiculé(e).
 bon sen",Tizi ouzou - 15,https://www.ouedkniss.com/emploi_offreslivreur-tizi-ouzou-algerie-offres-d-emploi-d23989341?utm_medium=listing
47,Apprenti en patisserie,La patisserie l'aquarium à vieux kouba cherche un (e) apprenti (e) en patisserie.,Kouba,https://www.ouedkniss.com/emploi_offresapprenti-en-patisserie-alger-kouba-algerie-offres-d-emploi-d23989318?utm_medium=listing
48,Se retair ocs,Cherche femme secretair niveaux moyen connaisence francais pour classement de documente a mon domicile c un travaille de deux jour aproximiter envoyez viber ou watsup pour plus de detàille ou numero je vous appele merci,Dar el beida,https://www.ouedkniss.com/emploi_offresse-retair-ocs-alger-dar-el-beida-algerie-offres-d-emploi-d23989215?utm_medium=listing
49,Commercial,,Oran - 31,https://www.ouedkniss.com/emploi_offrescommercial-oran-algerie-offres-d-emploi-d23989212?utm_medium=listing
50,Vendeuse,Cherche vendeuse nouvelle boutique femme ,Les eucalyptus,https://www.ouedkniss.com/emploi_offresvendeuse-alger-les-eucalyptus-algerie-offres-d-emploi-d23989172?utm_medium=listing
51,Professeurs de cours de soutien ,"Vtl center  معهد التكوين اللغوي والمهني
نبحث عن مدرسين في كل المواد للدروس الخصوصية مع الخبرة في إعطاء الدروس الخصوصية لمجموعة من التلاميذ أو الخاص 
:الأفضلية للأساتذة ",Tlemcen - 13,https://www.ouedkniss.com/emploi_offresprofesseurs-de-cours-soutien-tlemcen-algerie-offres-d-emploi-d23816603?utm_medium=listing
52,conducteur de travaux / Assistante ,"
",Oran - 31,https://www.ouedkniss.com/emploi_offresconducteur-de-travaux-assistante-oran-algerie-offres-d-emploi-d23988979?utm_medium=listing
53,UN COMERCIAL ET D'ADMINISTRATIF,"Je  cherche un ou une commercial(e) pour un poste de travail sis à ouled chebel birtouta
de préférence les personnes  doivent habités aux enivrant de birtouta, ouled chebel et chebli. ",Ouled chebel,https://www.ouedkniss.com/emploi_offresun-comercial-et-d-administratif-alger-ouled-chebel-algerie-offres-emploi-d23988933?utm_medium=listing
54,Distributeur," 
nous somme une entreprise de conserverie et huile d'olive a la recherche des depositaire sur le territoire nationnal conditions :
_camions de distrbution.
_depot de stockage.
_assiete financiere.

un systeme de motivation pour les depositaires

veuillez nous contacte",Blida - 9,https://www.ouedkniss.com/emploi_offresdistributeur-blida-tizi-ouzou-draa-ben-khedda-laghouat-hassi-rmel-algerie-offres-d-emploi-d23954952?utm_medium=listing
55,"Menuisier, 1/2ouvrier  Aluminium","Cherche menuisier aluminium et demi-ouvriers confirmés ou débutants salariés sur alger et blida avec hebergement. connaissances en aluminium, travail à l'extérieur sur nacelles. ",Cheraga,https://www.ouedkniss.com/emploi_offresmenuisier-1-2ouvrier-aluminium-alger-cheraga-algerie-offres-d-emploi-d21169355?utm_medium=listing
56,Soin à domicile,,Bou ismail - 42,https://www.ouedkniss.com/emploi_offressoin-à-domicile-tipaza-bou-ismail-algerie-offres-d-emploi-d23988770?utm_medium=listing
57,Montage fumé ,Magasin à kouba cherche employés montage fumé ,Kouba,https://www.ouedkniss.com/emploi_offresmontage-fumé-alger-kouba-algerie-offres-d-emploi-d23722789?utm_medium=listing
58,Commercial ,,Mohammadia,https://www.ouedkniss.com/emploi_offrescommercial-alger-mohammadia-algerie-offres-d-emploi-d23988682?utm_medium=listing
59,secrétaire,مرحبا نحن مكتب توظيف مقر في دبي لايوجد لدينا فرع في الجزائر نوفر عقد عمل ثلاث سنوات في دبي في جميع المجالات مع سكن اقامة تامين تذكرة سفر ارجو اتصل بنا من اجل معرفة تفا,Emirats Arabes Unis,https://www.ouedkniss.com/emploi_offressecrétaire-etranger-emirats-arabes-unis-algerie-offres-d-emploi-d23988659?utm_medium=listing
60,laveur auto,"Cherche khadam serieux , yeskoun f wahran 9rib l canastel ,makech mbata ",Bir el djir - 31,https://www.ouedkniss.com/emploi_offreslaveur-auto-oran-bir-el-djir-algerie-offres-d-emploi-d23961117?utm_medium=listing
61,Agent de bureau,"Bonjour nous cherchons une femme pour tenir les tâches de la secrétariat, qualifié en bureautique ayant un permis de conduire depuis au-moins cinq ans",Hammedi - 35,https://www.ouedkniss.com/emploi_offresagent-de-bureau-boumerdes-hammedi-algerie-offres-d-emploi-d23988614?utm_medium=listing
62,Femme de ménage ,Je cherche une femme de ménage pour travailler dans un restaurant a tipaza .,Tipaza - 42,https://www.ouedkniss.com/emploi_offresfemme-de-ménage-tipaza-algerie-offres-d-emploi-d23988605?utm_medium=listing
63,Agent polyvalent,"Assure le nettoyage , l'amenénagement  et l'entretient .",Bir mourad rais,https://www.ouedkniss.com/emploi_offresagent-polyvalent-alger-bir-mourad-rais-algerie-offres-d-emploi-d23988571?utm_medium=listing
64,Comptable de formation,"Assure le suivi administratif, rassemblement et vérification des données comptables , etablissement des opérations de cloture et les documents réglementaires .",Bir mourad rais,https://www.ouedkniss.com/emploi_offrescomptable-de-formation-alger-bir-mourad-rais-algerie-offres-d-emploi-d23988522?utm_medium=listing
65,vendeur qualifié ,"Pharmacie a alger centre cherche  vendeur qualifié j insiste ayant de l expérience 
contactez moi par mail   alfethe@yahoo.fr",Alger centre,https://www.ouedkniss.com/emploi_offresvendeur-qualifié-alger-centre-algerie-offres-d-emploi-d23988456?utm_medium=listing
66,Polyvalente femme ,Contacter nous par téléphone ou message ou viber ,Hydra,https://www.ouedkniss.com/emploi_offrespolyvalente-femme-alger-hydra-algerie-offres-d-emploi-d23988427?utm_medium=listing
67,Polyvalente esthéticienne ,Polyvalente ,Hydra,https://www.ouedkniss.com/emploi_offrespolyvalente-esthéticienne-alger-hydra-algerie-offres-d-emploi-d23988376?utm_medium=listing
68,محاجبي,"سلام عليكم 
محل جديد في باب الواد يبحث عن شخص يحضر المحاجب و الكسرة ",Bab el oued,https://www.ouedkniss.com/emploi_offresمحاجبي-alger-bab-el-oued-algerie-offres-d-emploi-d23988148?utm_medium=listing
69,Couturiere ,Un atelier de confection pour un magasin ( spécialités abaya ) cherche couturiere qualifié rapide qui maitrise la sourgeteuse aussi ( ta3raf tmachi la droite w sourget )    les environs de ainbeniane ( la foret ) القرية  ( manmadoch khedma l dar ,Ain benian,https://www.ouedkniss.com/emploi_offrescouturiere-alger-ain-benian-algerie-offres-d-emploi-d23988108?utm_medium=listing
70,marketing digital,"Valigo entreprise situé au niveau de chehairia, bethioua- oran, recrute un agent marketing digital (developpement site web, compte facebook, youtube et autres réseaux sociaux.). une expérience dans le domaine est demandé. ",Bethioua - 31,https://www.ouedkniss.com/emploi_offresmarketing-digital-oran-bethioua-algerie-offres-d-emploi-d23988099?utm_medium=listing
71,Community manager,On cherche après  un community manager. veuillez nous envoyer votre candidature à  l'adresse suivante: studiovip1.recrutement@gmail.com ,Alger centre,https://www.ouedkniss.com/emploi_offrescommunity-manager-alger-centre-algerie-offres-d-emploi-d23988038?utm_medium=listing
72,Vendeuse ,"Magasin jouet cherche vendeuse;
- ponctuelle ( 09h - 17h ) tout les jours sauf vendredi
- sérieux
- souriant et présentable
- expérimenté dans le domaine de la vente et marketing
- maîtrise du français.
",Ouled fayet,https://www.ouedkniss.com/emploi_offresvendeuse-alger-ouled-fayet-algerie-offres-d-emploi-d23988035?utm_medium=listing
73,Technicien ,,Tlemcen - 13,https://www.ouedkniss.com/emploi_offrestechnicien-tlemcen-algerie-offres-d-emploi-d23988034?utm_medium=listing
74,FORMATION,لمن يريد الالتحاق بعالم الشغل و في وقت قصيرنقدم لكم فرصة حياتكم نقدم لكم خدمتنا المتمثلة في تعليم كل ما يخص عالم السياحة نعلمكم كيفية حجز و بيع تداكر الطيران ماهي ال,Mohammadia,https://www.ouedkniss.com/emploi_offresformation-alger-mohammadia-algerie-offres-d-emploi-d17653356?utm_medium=listing
75,comptable,Valigo recrute un agent de comptabilité et ressources humaines avec une expérience dans le domaine. de préférence habitant dans les environs d'arzew. veuillez envoyer vos cv par email. ,Bethioua - 31,https://www.ouedkniss.com/emploi_offrescomptable-oran-bethioua-algerie-offres-d-emploi-d23988012?utm_medium=listing
76,FINISSEUSE ,"Société  cherche des femmes pour la finition /emballage

age ; 20ans-40ans
habite : aproximité d'oran
salaire : 20000

horaire de travail : 8h00-17h00
restauration  gratuit

",Oran - 31,https://www.ouedkniss.com/emploi_offresfinisseuse-oran-algerie-offres-d-emploi-d23717158?utm_medium=listing
77,Agents Polyvalents,"Le centre d'affaires algéro-canadien situé a oran recherche pour les besoins des chantiers canadiens de son partenaire (la canada global business solution & immigration   des professionnels : 

                                - chauffeur de poid lourd 
          ",Oran - 31,https://www.ouedkniss.com/emploi_offresagents-polyvalents-oran-algerie-offres-d-emploi-d19057777?utm_medium=listing
78,مدير مؤسسة,خبرة سنتيين فاكثر,Chettia - 2,https://www.ouedkniss.com/emploi_offresمدير-مؤسسة-chlef-chettia-algerie-offres-d-emploi-d23987943?utm_medium=listing
79,Enseignant langue espagnol," 

nous sommes localisé à reghaia centre ville, devant la mosquée el feth",Reghaia,https://www.ouedkniss.com/emploi_offresenseignant-langue-espagnol-alger-reghaia-algerie-offres-d-emploi-d23972789?utm_medium=listing
80,électricien,,Tizi ouzou - 15,https://www.ouedkniss.com/emploi_offresélectricien-tizi-ouzou-algerie-offres-d-emploi-d23987869?utm_medium=listing
81,Cours d'anglais particuliers,"Nous cherchons un prof pour donner des cours d'anglais particuliers pour les besoins professionnels .
forte expérience dans la communication quotidienne et commercial
possibilité de travailler hors horaires de travail (17h à 19h)
merci d’envoyer votre cv a : rh@maghrebmedia.dz",Bejaia - 6,https://www.ouedkniss.com/emploi_offrescours-d-anglais-particuliers-bejaia-algerie-offres-emploi-d23987747?utm_medium=listing
82,stagiaire  ,"Formation  dans la pratiqué grade agent commercial  charge des affaires commerciales et gestion des entreprises  avec secteur etats , le programme: facture , proformat, devis avec condition commercial,bon de commande, livraison, réparations,créance ,encaissement,dépense , relevé de compte, s",Tizi ouzou - 15,https://www.ouedkniss.com/emploi_offresstagiaire-tizi-ouzou-algerie-offres-d-emploi-d23182354?utm_medium=listing
83,MECANICIEN ,"Société eurl strfp ouvre un recrutement pour des profils dynamiques positifs et actifs, temps complet , un travail sérieux 
mécanicien auto ",Bordj el kiffan,https://www.ouedkniss.com/emploi_offresmecanicien-alger-bordj-el-kiffan-bab-ezzouar-algerie-offres-d-emploi-d23987717?utm_medium=listing
84,Assistante de bureau,,Oran - 31,https://www.ouedkniss.com/emploi_offresassistante-de-bureau-oran-algerie-offres-d-emploi-d23987691?utm_medium=listing
85,Coifeur,,Hammedi - 35,https://www.ouedkniss.com/emploi_offrescoifeur-boumerdes-hammedi-algerie-offres-d-emploi-d23987675?utm_medium=listing
86,commerciale ,"La  filiale rjc du groupe dm international a la recherche  de 4 filles commerciaux  accueilles  pour nos show room de cheraga

nos exigences 
de preference dans les environs 
sens de communication good
good présentations
la tenue classique est exigee 
sérieux ponctualité
depot de cv au ni",Cheraga,https://www.ouedkniss.com/emploi_offrescommerciale-alger-cheraga-algerie-offres-d-emploi-d23958471?utm_medium=listing
87,N\A,N\A,N\A,https://www.ouedkniss.com/emploi_offresN\A
88,Pharmacien Specialiste,"Bonjour 
on est a la recherche d'un pharmacien biologiste ou bien médecin biologiste pour ouvrir un laboratoire d'analyse médicales 
nous étudions toutes propositions",Constantine - 25,https://www.ouedkniss.com/emploi_offrespharmacien-specialiste-constantine-algerie-offres-d-emploi-d23958977?utm_medium=listing
89,Networkeur,"لكل من يريد تغيير وضعه المالي 
لكل من يريد الخروج من روتين العمل الوظيفي 
هذا هو الوقت المناسب لتبدأ مشروعك الخاص بأقل الامكانيات 
بمميزات أفضل:
رأس مال صغير مقارنة",Bejaia - 6,https://www.ouedkniss.com/emploi_offresnetworkeur-bejaia-algerie-offres-d-emploi-d23409268?utm_medium=listing
90,Vendeur ( soir ),"Pharmacie situé a baba hassen (aadl ) cherche vendeur pour horaires du soir habitant à proximité ou véhiculée .
expérience exigée , maitrise de la vente au comptoir, cnas , casnos , camssp
sens de la responsabilité , sérieux et ponctuel .

envoyer cv + photo par mail :
",Baba hassen,https://www.ouedkniss.com/emploi_offresvendeur-soir-alger-baba-hassen-algerie-offres-d-emploi-d23608886?utm_medium=listing
91,مدرب,"النادي الرياضي  يبحث عن مدربين في cmb
الجيدو
المصارعة
الملاكمة
الكونغ فو ووشو  / اساليب
التيكواندو
الايربيك
شروط التوظيف
شهادة مربي رياضي 
الرتبة حزام أسود درجة أ",Birkhadem,https://www.ouedkniss.com/emploi_offresمدرب-alger-birkhadem-algerie-offres-d-emploi-d22308530?utm_medium=listing
92,سكرتيرة,"
شركة آفاق الشرق 

تفتح الترشح لي مناصب العمل 

1 منصب سكرتيرة

2 مضيفة استقبال 

تسير كل الامور الادارية للشركة 

استقبال المكالمات الهاتفية و البريد الإلكترون",Ouled fayet,https://www.ouedkniss.com/emploi_offresسكرتيرة-alger-ouled-fayet-algerie-offres-d-emploi-d23958006?utm_medium=listing
93,Recrutement ,Vous êtes étudiants retraitées salarié s femme au foyer cette entreprise cherche un emploi du temps partiel ce travail et pour vous contacter moi et soyer les bienvenus  ,Alger centre,https://www.ouedkniss.com/emploi_offresrecrutement-alger-centre-tipaza-bou-ismail-boumerdes-chlef-oum-el-bouaghi-bejaia-bouira-algerie-offres-d-emploi-d22579385?utm_medium=listing
94,Recrutement,"Une société recrute dans le domaine de santé et de bien-être .
et cherche des employés qui possèdent ces compétences :
-bon sens de l'écoute et de la communication
-temps partiel ou complet
-actif
-responsable
envoyer moi vos cv",Ain benian,https://www.ouedkniss.com/emploi_offresrecrutement-alger-ain-benian-taya-centre-bab-el-oued-dely-brahim-mohammadia-harrach-bir-mourad-rais-staoueli-cheraga-algerie-offres-d-emploi-d21970154?utm_medium=listing
95,offre de service,"Nos services

 permis de construire _ plan _ décor
  etude et suivis
  rendus
  dessiner les plans (sous traitance)
  etude volumetrique
  modélisation en 3d",Birtouta,https://www.ouedkniss.com/emploi_offresoffre-de-service-alger-birtouta-draria-douera-birkhadem-blida-chebli-boufarik-saoula-el-achour-algerie-offres-d-emploi-d19402088?utm_medium=listing
96,Assistante ,"Cherche. une assistante. de direction  ageé. de plus. de 40 ans   d'alger  



",El achour,https://www.ouedkniss.com/emploi_offresassistante-alger-el-achour-algerie-offres-d-emploi-d23987435?utm_medium=listing
97,مساعد موثق,موثقة باب الزوار تبحث عن مساعد موثق لديه خبرة في المجال.,Bab ezzouar,https://www.ouedkniss.com/emploi_offresمساعد-موثق-alger-bab-ezzouar-algerie-offres-d-emploi-d23987427?utm_medium=listing
98,Apprenti menuisier ,"Aide menuisier 
مساعد نجار",Saoula,https://www.ouedkniss.com/emploi_offresapprenti-menuisier-alger-saoula-algerie-offres-d-emploi-d23959277?utm_medium=listing
99,Recrutement,"Forever living products vous accompagne dans le confinement
si vous cherchez un moyen d'augmenter vos revenus .
on est une société américaine dans le domaine du marketing et ressources humaines et de bien être nous sommes à la recherche de personnes qui possèdent ces qualités :
- bon ",Ain romana - 9,https://www.ouedkniss.com/emploi_offresrecrutement-blida-ain-romana-ben-khellil-tipaza-attatba-boumerdes-afir-beni-tamou-annaba-constantine-kerma-abid-medea-boucif-smara-skikda-bouziane-charchar-zouit-chetaibi-relizane-rahma-eulma-bouira-aghbalou-oran-arzew-bejaia-adekar-algerie-offres-d-emploi-d23073240?utm_medium=listing
100,Estheticienne / Ongleriste,"Cherche une estheticienne / ongleriste professionnelle et avec experience, dely ibrahim,",Dely brahim,https://www.ouedkniss.com/emploi_offresestheticienne-ongleriste-alger-dely-brahim-algerie-offres-d-emploi-d21927775?utm_medium=listing
101,Vendeur,,Boudouaou - 35,https://www.ouedkniss.com/emploi_offresvendeur-boumerdes-boudouaou-algerie-offres-d-emploi-d23987410?utm_medium=listing
102,Enseignant langue française,"Le centre de langue kanji ldp, recrute des enseignants de la langue française qualifiées d'un master 2, ou delf c2. résidants à reghaia ou ses alentours. pouvant  travailler le vendredi matin et cours de soit de 17h à 19h !

merci de nous envoyer vos cv par email:

nous sommes localis",Reghaia,https://www.ouedkniss.com/emploi_offresenseignant-langue-française-alger-reghaia-algerie-offres-d-emploi-d23463211?utm_medium=listing
103,Vendeur pour le soir,"Cherche vendeur qualifié pour travailler le soir:
● du samedi au jeudi de 16:00 h à 22:00 h.
● expérience exigée: 1 année, maîtrisant la vente au comptoir, cnas et casnos.
● envoyer cv + photo par e-mail.
••• sans expérience s'abstenir •••",Cheraga,https://www.ouedkniss.com/emploi_offresvendeur-pour-le-soir-alger-cheraga-algerie-offres-d-emploi-d23987400?utm_medium=listing
104,Travail libre ,"فرصة عمل لكل شخص يريد تغير نمط حياته نحو الأفضل والابتعاد عن الروتين اليومي وزيادة مردوده
 ، الفرصة متاحة لجميع الفئات  الكبار والشباب والنساء الماكثات بالبيت  وحتى",Bouira - 10,https://www.ouedkniss.com/emploi_offrestravail-libre-bouira-boumerdes-blida-algerie-offres-d-emploi-d21576480?utm_medium=listing
105,Finisseuse ,Les peins maritime ,Mohammadia,https://www.ouedkniss.com/emploi_offresfinisseuse-alger-mohammadia-algerie-offres-d-emploi-d20896205?utm_medium=listing
106,Secrétaire ,"Cherche réceptionniste, sérieuse, ponctuelle, à le sens de la responsabilisation, pour assuré l'organisation du cabinet (géstion du planning/confirmation des rdvs/ gérer  appels/ ménage) période d'essai + contrat anem obligatoire 
envoyé votre cv ",Ain benian,https://www.ouedkniss.com/emploi_offressecrétaire-alger-ain-benian-algerie-offres-d-emploi-d21963107?utm_medium=listing
107,Pharmacien assistant  ,"Nous  proposons 2 postes  pour  pharmacien assistant (h/f), ayant  une expérience qui ne dépasse pas 2 ans. pour  la  tranche horaire  15h 21h
8h 16h
et cela  5 jours/7.
salaire motivant et selon  compétence. ",El achour,https://www.ouedkniss.com/emploi_offrespharmacien-assistant-alger-el-achour-algerie-offres-d-emploi-d23590175?utm_medium=listing
108,خراط tourneur qualifié,ورشة خراطة نبحث عن عمال في المجال الخبرة ضرورية ولي حاب يتعلم نعلموه ,Baraki,https://www.ouedkniss.com/emploi_offresخراط-tourneur-qualifié-alger-baraki-algerie-offres-d-emploi-d18992962?utm_medium=listing
109,Femme de ménage ,Slm jeune homme cherche une femme de ménage propre a domicile pour mon apartment f2 pour 2 fois par semaine merci et contacté moi sur viber svp svp et merci ,Ain benian,https://www.ouedkniss.com/emploi_offresfemme-de-ménage-alger-ain-benian-algerie-offres-d-emploi-d23878420?utm_medium=listing
110,Vedeur,"Recrute vendeur  sérieux et responsable 
horaires de travail :de 15h00 à 23h00
lieu de travail : babezzouar 


note: l'offre  est  destinée aux  gens qui habitent à  babezzouar, merci",Bab ezzouar,https://www.ouedkniss.com/emploi_offresvedeur-alger-bab-ezzouar-algerie-offres-d-emploi-d23987322?utm_medium=listing
111,Commercial et vente ,"Avantages  
-projet a faible investissement                               -travail a temps plein ou a temps partiel
-plan de carrière motivant
-evolution, reconnaissance et fun 
- possibilité de développement en national ou a l'international",Tipaza - 42,https://www.ouedkniss.com/emploi_offrescommercial-et-vente-tipaza-blida-bejaia-alger-dar-el-beida-algerie-offres-d-emploi-d23316524?utm_medium=listing
112,   dentiste specialste/residante (o c),,Said hamdine,https://www.ouedkniss.com/emploi_offresdentiste-specialste-residante-o-c-alger-said-hamdine-baraki-algerie-offres-d-emploi-d6042407?utm_medium=listing
113,Télé-Commerciaux Francophones (H/F),"=> osc, agence de communication agréé par l'état et basée à hussein-dey ; recrute des télé-commerciaux hommes ou femmes maitrisant  la langue française.

profils recherches :

  profils francophones.
  disponibles du lundi au samedi.
 
dÉtails du poste :

  jours de trava",Hussein dey,https://www.ouedkniss.com/emploi_offrestélé-commerciaux-francophones-h-f-alger-hussein-dey-algerie-offres-d-emploi-d22845606?utm_medium=listing
114,agents polyvalents,"Entreprise prive recrute des agents polyvalents pour atelier de production. entre 22 et 38ans habitant a (hay sabah,lusto,senia,dar el baida,delmonte,el barki,zitoun) envoyer vos c.v sur lemail suivants (recrut.westplast@gmail.com) ou nous contacté sur tel entre 8:30 jusqua 16h",Sidi chami - 31,https://www.ouedkniss.com/emploi_offresagents-polyvalents-oran-sidi-chami-algerie-offres-d-emploi-d23731671?utm_medium=listing
115,Gérant cyber café et boite informatiqu,"Cyber café et boîte informatique situé à alger centre didouche mourad cherche gérant pouvant travailler de 08h30 à  17h30 du samedi à jeudi 
conditions exigées : 
  libre de suite. 
  habitant à proximité d'alger centre 
  ponctuel 
  bonne condition physique 
  non fumeur 
  ",Alger centre,https://www.ouedkniss.com/emploi_offresgérant-cyber-café-et-boite-informatiqu-alger-centre-algerie-offres-d-emploi-d20896416?utm_medium=listing
116,عاملة نظافة وطبخ,"ابحث عن عاملة نظافة منزلية مع إمكانية الاقامة
",Jijel - 18,https://www.ouedkniss.com/emploi_offresعاملة-نظافة-وطبخ-jijel-algerie-offres-d-emploi-d23689459?utm_medium=listing
117,hotesse d acceuille ,"Apres  l arret de la période du covide 

la st dm international reprend ses activités 
relance 
2 hôtesses d accueilles  réceptions et orientation des invites etrangers a la dg

important  les criteres 
dans les environs de dely brahim cheraga bouzerah ect .
la maîtriser  des lang",Cheraga,https://www.ouedkniss.com/emploi_offreshotesse-d-acceuille-alger-cheraga-algerie-offres-emploi-d23967291?utm_medium=listing
118,Femme de ménage ,"Pizzeria sise à boumerdes ville cherche agent polyvalent.  
salaire et heures de travail à négocier.  

",Boumerdes - 35,https://www.ouedkniss.com/emploi_offresfemme-de-ménage-boumerdes-algerie-offres-d-emploi-d23803537?utm_medium=listing
119,Femme de ménage couchante , je cherche femme de ménage couchant  pour plus d'information contactez-moi,Kouba,https://www.ouedkniss.com/emploi_offresfemme-de-ménage-couchante-alger-kouba-algerie-offres-d-emploi-d23973954?utm_medium=listing
120,Ingenieur Etudes,"Ceglounici

cherche ingénieur .de préférence 
profil 
liée au domaine électricité electrotechnique
–électronique 
/automatisme) 

ayant au
moins 01 ou 02 ans dans le domaine etudes.
dynamique  apttitude à :

-se deplacer
sur chantier suivre les travaux

-faire
des calculs",El harrach,https://www.ouedkniss.com/emploi_offresingenieur-etudes-alger-el-harrach-algerie-offres-d-emploi-d15014905?utm_medium=listing
121,عون أمن,"شركة امن و حراسة توظف اعوان امن من 
 الثامنة صباح حتى الخامسة مسآء  و من الاحد الى الخميس",Belouizdad,https://www.ouedkniss.com/emploi_offresعون-أمن-alger-belouizdad-algerie-offres-d-emploi-d23987282?utm_medium=listing
122,Architecte ,"Entreprise de promotion immobiliere sise a azazga, cherche une architecte qualifier
veuillez envoyer votre cv avec photo  par email ",Azazga - 15,https://www.ouedkniss.com/emploi_offresarchitecte-tizi-ouzou-azazga-algerie-offres-d-emploi-d23628153?utm_medium=listing
123,techniciens ," bonjour

entreprise
importante d’importation vente et installation d’équipements industriels dont
groupes électrogènes cherche à recruter les profils suivants

 

1-profil
1

techniciens
en électromécanique (ou ingénieurs)

ayant expérience
dans le domaine de la maintena",Bab ezzouar,https://www.ouedkniss.com/emploi_offrestechniciens-alger-bab-ezzouar-algerie-offres-d-emploi-d20833259?utm_medium=listing
124,Menuisier MDF /melamine ,"Offre d’emploi pour un menuisier mdf/melamine.
salaire intéressant .
possibilité d'hébergement.
.",Beni tamou - 9,https://www.ouedkniss.com/emploi_offresmenuisier-mdf-melamine-blida-beni-tamou-algerie-offres-d-emploi-d23748444?utm_medium=listing
125,Vendeur en pharmacie ,"Pharmacie à khraicia côté birtouta cherche:
une vendeuse qualifiée avec expérience habitant khraïcia et environs 
un vendeur expérimenté pour l’après-midi ",Khraissia,https://www.ouedkniss.com/emploi_offresvendeur-en-pharmacie-alger-khraissia-algerie-offres-d-emploi-d23730024?utm_medium=listing
126,controleur de qualité,"Bon jour on cherche controleur de qualité  terre cuite au laboratoir usine terre cuite boudouaou w boumerdess
نبحث عن مراقبة النوعية مصنع بودواو ولاية بومرداس
شكرا",Boudouaou - 35,https://www.ouedkniss.com/emploi_offrescontroleur-de-qualité-boumerdes-boudouaou-algerie-offres-d-emploi-d23971608?utm_medium=listing
127,خياطة,خبرة في مجال لا تقل عن 5 سنوات,Douera,https://www.ouedkniss.com/emploi_offresخياطة-alger-douera-algerie-offres-d-emploi-d20811126?utm_medium=listing
128,superviseur,Société privé sise a kouba cherche dame agée minimum 35 ans niveau universitaire  résidante environs de kouba pour occuper poste de superviseur l'interressée doit maîtriser une langue etrangere . ,Kouba,https://www.ouedkniss.com/emploi_offressuperviseur-alger-kouba-algerie-offres-d-emploi-d23520948?utm_medium=listing
129,partenaire et finance ,Salut nous somme les etrangers venant du mali avec capital tres éleve a la recherche un algerien qui dispose un projets rentable pour un partenariat enfin de realiser se projet tout proposition est la bienvenu merci pour votre collaboration ,Alger centre,https://www.ouedkniss.com/emploi_offrespartenaire-et-finance-alger-centre-algerie-offres-d-emploi-d19699844?utm_medium=listing
130,Assistante ,"Cherche assistante de préférence architecte ayant de l'experience dans le domaine de la construction , autodidacte ,autonome 
exigence du poste  : 
maîtrise de l'outil informatique 
administration 
sens  de l'écoute 
diplomate  
cv via viber svp",Boumerdes - 35,https://www.ouedkniss.com/emploi_offresassistante-boumerdes-algerie-offres-d-emploi-d23785320?utm_medium=listing
131,Vendeur ou vendeuse,"Je cherche un vendeur ou vendeuse qualifier avec expérience déjà travailler dans une boulangerie ou pâtisserie, âge de 22ans au plus, habite à réghaïa et ces environs, salaire est 26000,00da
cvp li mayskounch fi réghaïa et ces environs w li ma3ndouch l expérience c pas important pour moi",Reghaia,https://www.ouedkniss.com/emploi_offresvendeur-ou-vendeuse-alger-reghaia-algerie-offres-d-emploi-d23886388?utm_medium=listing
132,Vendeur en pharmacie,"Pharmacie à dar el beida cherche vendeur répondant au critères suivants:
age entre 30 et 45 ans.
expérience en officine de plus de 5 ans.
horaires de travail: de 16h00 à 22h00 . du samedi au jeudi. repos vendredi.
ponctualité et sérieux requis.
envoyez vos cv
lieux :el  hamiz",Dar el beida,https://www.ouedkniss.com/emploi_offresvendeur-en-pharmacie-alger-dar-el-beida-algerie-offres-d-emploi-d23693216?utm_medium=listing
133,Menuisier ,,Boumerdes - 35,https://www.ouedkniss.com/emploi_offresmenuisier-boumerdes-algerie-offres-d-emploi-d23865280?utm_medium=listing
134,Vernisseur صباغ ,ورشة نجارة مختصة في صناعة المطابخ تبحث عن صباغ vernisseur ,El harrach,https://www.ouedkniss.com/emploi_offresvernisseur-صباغ-alger-el-harrach-algerie-offres-d-emploi-d19118159?utm_medium=listing
135,Stagiaire ,"Nous ouvrons nos portes pour prendre en charge une stagiaire en comptabilité pour 03 ou 06 mois. avec possibilité de recrutement après le stage.
 profil recherché : responsable, présentable, rigoureuxse et ponctuelle, bonne maîtrise de l'outil informatique",Baba hassen,https://www.ouedkniss.com/emploi_offresstagiaire-alger-baba-hassen-algerie-offres-d-emploi-d23987180?utm_medium=listing
136, femme Agent immobillier commercial,"Agence immobilière recrute une femme agent immobilier   .  diplomée sur hydra, dely brahim ,cheraga ,,,,,,,,,,,,,,,,,,,,,,, au alentours de hydra  véhiculer  avec niveau bac + et présentable ,ayant le bon sens de communication ,  comme déléguée commerciale dans immobilier .pour  plus informat",Cheraga,https://www.ouedkniss.com/emploi_offresfemme-agent-immobillier-commercial-alger-cheraga-algerie-offres-d-emploi-d23668879?utm_medium=listing
137,سكريتار,ابحث عن قانوي لديها خبرة في ادارة مكتب محضر قضائي,Alger centre,https://www.ouedkniss.com/emploi_offresسكريتار-alger-centre-algerie-offres-d-emploi-d21459680?utm_medium=listing
138,Menuisier en aluminium et pvc,,Boumerdes - 35,https://www.ouedkniss.com/emploi_offresmenuisier-en-aluminium-et-pvc-boumerdes-algerie-offres-d-emploi-d23588309?utm_medium=listing
139,Recrutement,"Forever living products vous accompagne dans le confinement
si vous cherchez un moyen d'augmenter vos revenus .
on est une société américaine dans le domaine du marketing et ressources humaines et de bien être nous sommes à la recherche de personnes qui possèdent ces qualités :
- bon ",Ain benian,https://www.ouedkniss.com/emploi_offresrecrutement-alger-ain-benian-taya-centre-bab-el-oued-ezzouar-baba-hassen-bachdjerrah-belouizdad-ben-aknoun-bir-mourad-rais-birkhadem-bologhine-bordj-kiffan-birtouta-bouzareah-casbah-dar-beida-dely-brahim-biar-hussein-dey-kouba-staoueli-oran-mers-kebir-bia-kerma-freha-algerie-offres-d-emploi-d23043246?utm_medium=listing
140,Femme de ménage,,Tizi ouzou - 15,https://www.ouedkniss.com/emploi_offresfemme-de-ménage-tizi-ouzou-algerie-offres-d-emploi-d23463600?utm_medium=listing
141,Distributeur (vendeur),"Bonjour,
marque de produits alimentaires connue sur le marché cherche des distributeurs véhiculés  ( utilitaire lÉger type kangoo, chana ou fourgon ) ayant une expérience dans le domaine sur les wilaya suivantes : alger, setif, oran.
veuillez nous envoyer une lettre de motivation jointe de la",Oran - 31,https://www.ouedkniss.com/emploi_offresdistributeur-vendeur-oran-alger-centre-setif-blida-tipaza-boumerdes-tlemcen-bordj-bou-arreridj-batna-annaba-constantine-bejaia-tizi-ouzou-sidi-bel-abbes-relizane-ain-temouchent-mostaganem-mascara-algerie-offres-d-emploi-d23178012?utm_medium=listing
142,femme de ménage,"Cherche une femme de ménage  urgent , sérieuse et ponctuel .",Dely brahim,https://www.ouedkniss.com/emploi_offresfemme-de-ménage-alger-dely-brahim-algerie-offres-d-emploi-d23826590?utm_medium=listing
143,delegue de la marque arvea,Arveacherche des vendeurs distributeurs de produits cosmetik,Chlef - 2,https://www.ouedkniss.com/emploi_offresdelegue-de-la-marque-arvea-chlef-algerie-offres-d-emploi-d17384379?utm_medium=listing
144,Femme de ménage ,Club pour enfants cherche femme de ménage  sérieuse qui habite à ain naadja ou ses alentours les heures de travail de 8h à 15h pour toute la semaine ,Ain naadja,https://www.ouedkniss.com/emploi_offresfemme-de-ménage-alger-ain-naadja-algerie-offres-d-emploi-d23986949?utm_medium=listing
145,امرأة حلوجية ,"محل للحلويات بشراقة يبحث عن امرأة حلوجية مؤهلة ذات خبرة وتجربة،بيئة العمل جد ممتعة لمزيد من المعلومات يرجى الاتصال بنا 
",Cheraga,https://www.ouedkniss.com/emploi_offresامرأة-حلوجية-alger-cheraga-algerie-offres-d-emploi-d22346991?utm_medium=listing
146,couturiere ,"Société  de confection industrielle recrute  des couturieres point droit et surgi 

tel : 

siege : oran avenue de sidi chahmi cote de savignon",Oran - 31,https://www.ouedkniss.com/emploi_offrescouturiere-oran-algerie-offres-d-emploi-d23073599?utm_medium=listing
147,Serveus,,Bachdjerrah,https://www.ouedkniss.com/emploi_offresserveus-alger-bachdjerrah-algerie-offres-d-emploi-d23986917?utm_medium=listing
148,N\A,N\A,N\A,https://www.ouedkniss.com/emploi_offresN\A
149,Plusieurs Poste d'emploi,"Pour postuler https://needjob.network/

importante société dans le domaine it recrute  plusieurs profiles:
- infographe
- chargé de communication et clientèle
- consultant formateur
- chargé(e) de marketing et marketing digital
- technicien / technicienne de maintenance en informatique
",Dely brahim,https://www.ouedkniss.com/emploi_offresplusieurs-poste-d-emploi-alger-dely-brahim-algerie-offres-d23986893?utm_medium=listing
150,مساعد بريوشار,"البحث عن مساعد بريوشار ومنظف في محل بديدوش مراد الجزائر
بشرط أن يكون غير مدخن
تحليقة الشعر عادية

المبيت متوفر",Alger centre,https://www.ouedkniss.com/emploi_offresمساعد-بريوشار-alger-centre-algerie-offres-d-emploi-d23986859?utm_medium=listing
151,أمين صندوق,"البحث عن أمين صندوق وبائع ماهر
caissier et vendeur
في محل حلويات وبيتزا بشارع ديدوش الجزائر
التوقيت من 15.45الى منتصف الليل
الخبرة مطلوبة 
بشرط أن لا يكون مدخنا
تحليقة الشعر",Alger centre,https://www.ouedkniss.com/emploi_offresأمين-صندوق-alger-centre-algerie-offres-d-emploi-d23986814?utm_medium=listing
152,Partenaires avec la société ,عقد شراكة مع شركة لمزيد من المعلومات تواصل معنا على رقم ,Cheraga,https://www.ouedkniss.com/emploi_offrespartenaires-avec-la-société-alger-cheraga-algerie-offres-d-emploi-d23776145?utm_medium=listing
153,Graisseur mécanique rapide,Je cherche un mécanicien pour faire la mécanique rapide et les vidanges ,Kolea - 42,https://www.ouedkniss.com/emploi_offresgraisseur-mécanique-rapide-tipaza-kolea-algerie-offres-d-emploi-d20157742?utm_medium=listing
154,chef production,"Bon jour 
on cherche chef production lieu travail usine terre cuite boudouaou w boumerdess
merci
نبحث عن مسؤو الانتاج مكان العمل بودواو ولاية بومرداس شكرا",Boudouaou - 35,https://www.ouedkniss.com/emploi_offreschef-production-boumerdes-boudouaou-algerie-offres-d-emploi-d23971666?utm_medium=listing
155,Recrutement ,"Une société dans le domaine de santé et de bien-être et du marketing et commerce et ressources humaines ouvre son recrutement
et cherche des employés qui possèdent ces compétences :
-bon sens de l'écoute et de la communication
-engagèes
-temps partiel ou complet
-actif
-responsab",Mostaganem - 27,https://www.ouedkniss.com/emploi_offresrecrutement-mostaganem-algerie-offres-d-emploi-d23986703?utm_medium=listing
156,Vendeuse,Boutique prêt à porter femme qui situe à rouiba recherche une vendeuse  agée antre 20 et 30 ans et qui habite aux environs de rouiba (on accepte les etudiantes),Rouiba,https://www.ouedkniss.com/emploi_offresvendeuse-alger-rouiba-algerie-offres-d-emploi-d21650796?utm_medium=listing
157,Couturière professionnelle ,"Bonjour je cherche une couturière professionnelle sérieuse et ponctuel pour un atelier de couture karakou robes berbères ex..
une professionnelle pour coupe et couturière 
À chéraga veuillez contacter svp le numéro affiché ",Cheraga,https://www.ouedkniss.com/emploi_offrescouturière-professionnelle-alger-cheraga-algerie-offres-d-emploi-d23986587?utm_medium=listing
158,Secrétaires,Cherche deux secrétaires polyvalente envoyer vos cv sur imo,Cheraga,https://www.ouedkniss.com/emploi_offressecrétaires-alger-cheraga-algerie-offres-d-emploi-d23969699?utm_medium=listing
159,Ouvrier Qualifié,"Entreprise privée de fabrication de meuble domestique en bois cherche un ouvrier ayant une expérience dans le domaine libre dans l'immédiat .
avantage : salaire interessant suivant compétence 
travail stable et continue 
                                          non sérieux s'absen",Saoula,https://www.ouedkniss.com/emploi_offresouvrier-qualifié-alger-saoula-algerie-offres-d-emploi-d23838285?utm_medium=listing
160,Hôtesses aériennes ,Cherche des jeunes filles comme hôtesses envoyer nous vos cv sur imo,Bachdjerrah,https://www.ouedkniss.com/emploi_offreshôtesses-aériennes-alger-bachdjerrah-algerie-offres-d-emploi-d23964103?utm_medium=listing
161,Gérante cyber cafe5,"Catégorie : informatique & internet
cherche gérante cyber cafe sise a halmia cité 20 aout 09h00 au 17h00 avec une tres bonne connaissance domaine informatique
de préférence les gens qui habite boudouaou les environs les intéressés envoyer vos à ghoullemboy@gmail.com ou bien  appelé le",Boudouaou - 35,https://www.ouedkniss.com/emploi_offresgérante-cyber-cafe5-boumerdes-boudouaou-algerie-offres-d-emploi-d23971699?utm_medium=listing
162,Commerciale/ marketing ,"Entreprise de promotion immobilière leader dans le domaine cherche des commerciales et assistantes en marketing ayant une bonne volonté au domaine de la promotion immobilière un bon sens de communication, et dynamique.
veuillez adresser vos candidatures sur l'adresse mail ci-dessous ",Ben aknoun,https://www.ouedkniss.com/emploi_offrescommerciale-marketing-alger-ben-aknoun-algerie-offres-d-emploi-d23986332?utm_medium=listing
163,Tecnicien mécanique ,Atelier jdida ,Bordj el bahri,https://www.ouedkniss.com/emploi_offrestecnicien-mécanique-alger-bordj-el-bahri-algerie-offres-d-emploi-d23986295?utm_medium=listing
164,Nourrice ,Je cherche une nourrice au niveau de dar elbeida ,Dar el beida,https://www.ouedkniss.com/emploi_offresnourrice-alger-dar-el-beida-algerie-offres-d-emploi-d23986294?utm_medium=listing
165,Technicien  en foid et climatisation ,"Cherche technicien en foid et climatisation  experience plus de 04 ans 
depanage, maintenance, installation
split, centale a eau glacee, vrf, chaudiere. si vous ette intéressé apler nous     
 merci",Ben aknoun,https://www.ouedkniss.com/emploi_offrestechnicien-en-foid-et-climatisation-alger-ben-aknoun-algerie-offres-d-emploi-d23986209?utm_medium=listing
166,Coiffeuse ,"Le salon de coiffure vous propose un emploi à alger, bordj el kiffan. pour plus d'informations, veuillez contacter",Bordj el kiffan,https://www.ouedkniss.com/emploi_offrescoiffeuse-alger-bordj-el-kiffan-algerie-offres-d-emploi-d23986165?utm_medium=listing
167,Vendeur en pharmacie,Cherche vendeur homme en pharmacie habitant a bordj el bahri et environs expérience exigée minimum 5ans ,Bordj el bahri,https://www.ouedkniss.com/emploi_offresvendeur-en-pharmacie-alger-bordj-el-bahri-algerie-offres-d-emploi-d23986143?utm_medium=listing
168,Femme de entretiene ,,Dar el beida,https://www.ouedkniss.com/emploi_offresfemme-de-entretiene-alger-dar-el-beida-algerie-offres-d-emploi-d23986056?utm_medium=listing
169,Réparateur portable,Je cherche un réparateur téléphone ,Dely brahim,https://www.ouedkniss.com/emploi_offresréparateur-portable-alger-dely-brahim-algerie-offres-d-emploi-d23985966?utm_medium=listing
170,CONSEILLER ARVEA,"Offre d'emploi à distance et à domicile à travers un mlm (multi level marketing) je suis à la recherche des gens sérieux et motivés pour nous aider à développer un network de publicité .  c’est un travail facile , ne nécessite pas d'experience et à la portée de tout le monde.",Bougous - 36,https://www.ouedkniss.com/emploi_offresconseiller-arvea-el-taref-bougous-algerie-offres-d-emploi-d22979906?utm_medium=listing
171,Peintre,"Société àppart confort hôtel alger
adresse zone industrielle oued smar
À côté direction générale algérie des eaux
en face assurance alliance
les heures de travail les heures de travail de 8h à 16h30 à 
conditions de travail habitation de la wilaya d'alger l'âge obligatoir",Oued smar,https://www.ouedkniss.com/emploi_offrespeintre-alger-oued-smar-algerie-offres-d-emploi-d23985793?utm_medium=listing
172,Soudeur serrurerie,"Société appart confort hôtel alger
adresse zone industrielle oued smar
À côté assurance alliance
en face la direction générale algérie des eaux    
contrat de travail 18 mois renouvelable
le travail réparer les hangars
conditions de travail obligatoire habitation sur wilaya d'al",Oued smar,https://www.ouedkniss.com/emploi_offressoudeur-serrurerie-alger-oued-smar-algerie-offres-d-emploi-d23985729?utm_medium=listing
173,spécialiste en médecine interne ,Centre de diagnostic situé à mekla wilaya de tizi ouzou offre emploi pour un médecin spécialiste en médecine interne option gastro-entérologie email  ,Mekla - 15,https://www.ouedkniss.com/emploi_offresspécialiste-en-médecine-interne-tizi-ouzou-mekla-algerie-offres-d-emploi-d23985725?utm_medium=listing
174,الاعتناء بمعاق,"On cherche un homme   en bonne santé pour s'occupé d'un handicapé 100/100 en revanche il sera logé et nourri!!! 
toute personne qui peu aider contactez moi en message privé. 
نبحث عن رجل بدون مأوى و بصحة جيدة للاعتناء بشخص معوق 100/100 و",Reghaia,https://www.ouedkniss.com/emploi_offresالاعتناء-بمعاق-alger-reghaia-algerie-offres-d-emploi-d23985650?utm_medium=listing
175,vendeur/vendeuse .,"Magasin de peinture et decoration interieur cherche 2 vendeur ( vendeuse) , serieux ponctuel et dynamique  . habitants les alentours de baba hassen . salaire motivant + assurance. veuillez nous transmettre votre cv  ",Baba hassen,https://www.ouedkniss.com/emploi_offresvendeur-vendeuse-alger-baba-hassen-algerie-offres-d-emploi-d23985557?utm_medium=listing
176,Commerciaux / Agents polyvalents ,"Missions du poste :

 prospection et gestion du portefeuille des clients

 collecte des besoins des clients

 promouvoir l'offre de services ou de produits dont il a la charge

 Élaboration d'une proposition commerciale en conformité avec la politique commerciale

 suivi de la ",Bab ezzouar,https://www.ouedkniss.com/emploi_offrescommerciaux-agents-polyvalents-alger-bab-ezzouar-algerie-offres-d-emploi-d19452820?utm_medium=listing
177,Entrepreneur ,"Vous voulez un revenu supplémentaires 
vous cherchez un travail à domicile par internet avec une compagnie international 
vous êtes ambitieux et sérieux contactez nous soyez les bienvenue ",Ain taya,https://www.ouedkniss.com/emploi_offresentrepreneur-alger-ain-taya-centre-bab-ezzouar-beni-messous-ben-aknoun-el-oued-bouzareah-cheraga-algerie-offres-d-emploi-d23482343?utm_medium=listing
178,Agents Nettoyage,"Cherche agents nettoyage de qualité
- avec expérience et justificatifs professionnels ( fiches de paye .. attestations de travail.)
lieu de travail alger et ses environs",Bir mourad rais,https://www.ouedkniss.com/emploi_offresagents-nettoyage-alger-bir-mourad-rais-algerie-offres-d-emploi-d23887743?utm_medium=listing
179,Réparation portable,Je recherche un réparateur portable. expérience exigée .hébergement assuré .,Larbaa nath irathen - 15,https://www.ouedkniss.com/emploi_offresréparation-portable-tizi-ouzou-larbaa-nath-irathen-algerie-offres-d-emploi-d23985296?utm_medium=listing
180,Coiffure,Je cherche un coiffure pour homme pour un travaille dans un salon de coiffure situé à blida bouarfa,Blida - 9,https://www.ouedkniss.com/emploi_offrescoiffure-blida-algerie-offres-d-emploi-d23985288?utm_medium=listing
181,مقاول حر ,الشركة تبحث عن أشخاص يحبون نجاح في حياتهم و كسب المال اوفر و لاقامت مشروع خاص بيها مع الشركة لكم تصرف بكل حرية لمزيد من المعلومات تواصل معنا على رقم ,Cheraga,https://www.ouedkniss.com/emploi_offresمقاول-حر-alger-cheraga-algerie-offres-d-emploi-d23836721?utm_medium=listing
182,Machiniste ,"نحن شركة متخصصة في إنتاج المواد الغذائيه ( بسكويت)  الكاءنة في ولاية البليدة و بضبط بلدية الشبلي 
   نبحث عن مشغل آلة متمكن على الأقل سنة واحدة خبرة أو يملك شهادة تخصص ",Chebli - 9,https://www.ouedkniss.com/emploi_offresmachiniste-blida-chebli-algerie-offres-d-emploi-d23984842?utm_medium=listing
183,femme de menage,Entreprise privée situe a la zone industriel chteibo recrute une femme de menage ,Sidi chami - 31,https://www.ouedkniss.com/emploi_offresfemme-de-menage-oran-sidi-chami-algerie-offres-d-emploi-d23814854?utm_medium=listing
